{"cameraMode":{"drawMode":0,"name":"Shaded","section":"Shading Mode"},"sceneLighting":true,"audioPlay":false,"sceneViewState":{"showFog":true,"showMaterialUpdate":true,"showSkybox":true,"showFlares":true,"showImageEffects":true,"showParticleSystems":true},"in2DMode":false,"pivot":{"x":-9.499737739562989,"y":3.0745277404785158,"z":0.18625831604003907},"rotation":{"x":-0.15424799919128419,"y":0.3202649652957916,"z":-0.05293368175625801,"w":-0.9331894516944885},"size":17.208696365356447,"orthographic":false}